{
  "EDGE_UPPER": 19,
  "EDGE_LOWER": 19,
  "MIDLINE_BIAS": 0.26,
  "LIP_COLOR_HEX": "#da5472",
  "COLOR_OPACITY": 1.0,
  "BLENDING_MODE": "softlight",
  "BASE_DESATURATION": 0.08,
  "VALUE_WEIGHT": 0.12,
  "DEEP_COLOR": 1.0,
  "LIQUID_BLUR_SIGMA": 43,
  "HEIGHT_GAIN": 6.5,
  "HIGH_BLUR_SIGMA": 7.6,
  "HIGH_GAIN": 1.5,
  "ALPHA": 0.23,
  "TEXTURE_SMOOTHING": 0.4,
  "SPEC_STRENGTH": 0.27,
  "SHININESS": 334.0,
  "CLEAR_STRENGTH": 0.3,
  "CLEAR_EXPONENT": 142,
  "CLEAR_LIGHT_X": 0.0,
  "UPPER_CENTER": -0.8,
  "UPPER_WIDTH": 0.25,
  "LOWER_CENTER": 0.55,
  "LOWER_WIDTH": 0.35,
  "CUPID_BOOST": 0.0,
  "LIGHT_DIR": [
    0.0,
    -0.25,
    1.0
  ],
  "LIP_COLOR_RGB": [
    218,
    84,
    114
  ]
}